atticId,name,location,age_rating
1,U571,attic,12
2,The A-Team,attic,12A
3,The Addams Family,attic,PG
4,Where Eagles Dare,attic,PG
5,Knight and Day,attic,12A
6,Bridget Jones's Diary,attic,15
7,Spiderman 2,attic,PG
8,Superman: The Movie,attic,PG
9,Star Trek,attic,12A
10,Godzilla,attic,12
11,Zulu Dawn,attic,15
12,The Mummy - Tomb of the Dragon Emperor,attic,12
13,Nativity,attic,U
14,Grinch,attic,PG
15,The Sound of Music,attic,U
16,Four Christmases,attic,12A
17,Escape to Victory,attic,PG
18,Zulu,attic,PG
19,Gremlins,attic,12A
20,Love Actually,attic,15
21,Clash of the Titans,attic,12A
22,Moon,attic,15
23,The Chronicles of Narnia: Prince Caspian,attic,PG
24,The Secret of Kells,attic,PG
25,Prince of Persia,attic,12A
26,Hairspray,attic,PG
27,Mary Poppins,attic,U
28,Robin Hood,attic,BLANK
29,Wonder Woman,attic,12A
30,Charlotte's Web,attic,U
31,Pirates of the Caribbean: At World's End,attic,12A
32,Old Dogs,attic,PG
33,Junebug,attic,15
34,Mannequin,attic,PG
35,Only You,attic,PG
36,Hulk,attic,12A
37,Pearl Harbour,attic,12
38,Pirates of the Caribbean: The Curse of the Black Pearl,attic,12A
39,The Time Machine,attic,PG
40,The Last Boy Scout,attic,18
41,X-men,attic,12
42,Robin Hood Prince of Thieves,attic,12
43,My Dog Skip,attic,PG
44,Splice,attic,15
45,Star Trek,attic,BLANK
46,Transformers,attic,12A
47,Liar Liar,attic,PG
48,Waterloo Road,attic,BLANK (PG) if film
49,Blue Streak,attic,12
50,The Great Escape,attic,PG
51,Meet Dave,attic,PG
52,Lethal Weapon,attic,18
53,Black Beauty,attic,U
54,Attack on the Iron Coast,attic,PG
55,The Fox and the Hound,attic,U
56,Apollo 13,attic,PG
57,Gallipoli,attic,PG
58,Kelly's Heroes,attic,PG
59,The Goonies,attic,PG
60,Wonka,attic,PG
61,Fantasia,attic,U
62,Star Wars: Attack of the Clones,attic,PG
63,633 Squadron,attic,PG
64,Spartacus,attic,PG
65,Flight of the Doves,attic,U
66,Megamind,attic,PG
67,Midway,attic,PG
68,Flash Gordon,attic,PG
69,Die Another Day,attic,12A
70,Legend,attic,PG
71,Shrek Forever After,attic,U
72,Batman Begins,attic,12A
73,The Blind Side,attic,12A
74,Doc Hollywood,attic,PG
75,Fantastic Four: Rise of the Silver Surfer,attic,PG
76,The Heartbreak Kid,attic,15
77,Kingdom of Heaven,attic,15
78,The Twilight Saga: New Moon,attic,12A
79,Eagle Eye,attic,12A
80,"The Chronicles of Narnia: The Lion, The Witch and the Wardrobe",attic,PG
81,Avengers Assemble,attic,12A
82,Force 10 from Naverone,attic,PG
83,Bambi,attic,U
84,Jack Reacher,attic,12A
85,Cast Away,attic,12
86,Trojan Horse,attic,BLANK
87,Mysterious Island,attic,BLANK
88,California Man,attic,PG
89,Tobruk,attic,PG
90,Multiplicity,attic,12
91,City of Ember,attic,PG
92,The Break Up,attic,12A
93,She's All That,attic,12
94,Byzantium,attic,15
95,Taken 2,attic,12A
96,The Date,attic,BLANK
97,Master and Commander: The Far Side of the World,attic,12A
98,Goldeneye,attic,12
99,The Twilight Saga: Breaking Dawn Part 1,attic,12A
100,Wrath of the Titans,attic,12A
101,The Twilight Saga: Breaking Dawn Part 2,attic,12A
102,The Man in the Iron Mask,attic,12
103,Mirror Mirror,attic,PG
104,The Spy  Who Loved Me,attic,PG
105,The Mummy Returns,attic,12
106,Hulk,attic,12A
107,Deep Impact,attic,12
108,The Longest Day,attic,U
109,17 Again,attic,12A
110,The Day the Earth Stood Still,attic,BLANK
111,Goldfinger,attic,PG
112,Gravity,attic,12A
113,Transformers: Revenge of the Fallen,attic,12A
114,Captain Phillips,attic,12A
115,War of the Buttons,attic,PG
116,Space Chimps,attic,U
117,Legally Blonde,attic,PG
118,Von Ryan's Express,attic,PG
119,Private Peaceful,attic,12A
120,Overboard,attic,PG
121,Star Trek: Wrath of Khan,attic,PG
122,Imagine That,attic,PG
123,Bend it like Beckham,attic,12A
124,Clear and Present Danger,attic,12
125,The Spy Next Door,attic,PG
126,The Scorpion King,attic,12A
127,Quantum Solace,attic,12A
128,Uncle Buck,attic,12
129,Step Up,attic,PG
130,The Hunger Games: Catching Fire,attic,12A
131,Under Siege,attic,15
132,The Legend of Hercules (2014),attic,12A
133,Universal Soldier,attic,15
134,The Purge,attic,15
135,Presumed Innocent,attic,15
136,Transcendence,attic,12A
137,Firefox,attic,PG
138,Penguins,attic,BLANK
139,The Devil's Advocate,attic,18
140,Star Trek: Into Darkness,attic,12A
141,West Side Story,attic,U
142,The Love Punch,attic,12A
143,The Commitments,attic,15
144,Teen Wolf,attic,PG
145,The Net,attic,12
146,Tir Na N¢g,attic,U
147,The Producers,attic,12A
148,E. T. the Extra-Terrestrial,attic,U
149,Monsters University,attic,U
150,White House Down,attic,12A
151,Speed,attic,15
152,A Million Ways to Die in the West,attic,15
153,Ryan's Daughter,attic,15
154,Cowboys & Aliens,attic,12A
155,High Rise,attic,15
156,Guardians of the Galaxy,attic,12A
157,Patriot Games,attic,15
158,Miss Congeniality,attic,12
159,The Place Beyond,attic,BLANK
160,The Maze Runner,attic,12A
161,2001: A Space Odyssey,attic,U
162,Inception,attic,12A
163,Four Weddings and a Funeral,attic,15
164,Ever After: A Cinderella Story,attic,PG
165,Platoon,attic,18
166,Mission Impossible: Rogue Nation,attic,12A
167,Reservoir Dogs,attic,18
168,Circle of Friends,attic,15
169,The Way Way Back,attic,12A
170,Wild Wild West,attic,12
171,The Peanuts Movie,attic,U
172,Lucy (2014),attic,15
173,Lucy (2014),attic,15
174,Mr. Holmes,attic,PG
175,Postcards from the Edge,attic,15
176,Maze Runner: The Scorch Trials,attic,12A
177,They Shall Not Grow Old,attic,15
178,Enemy of the State,attic,15
179,Changing Lanes,attic,15
180,Heat,attic,15
181,Behind Enemy Lines,attic,12A
182,What Happens in Vegas,attic,12A
183,In the Line of Fire,attic,15
184,Romeo & Juliet (2013),attic,12A
185,Miss Peregrine's Home for Peculiar Children,attic,12A
186,Mission Impossible: Fallout,attic,12A
187,John Wick,attic,15
188,A United Kingdom,attic,12A
189,Blade Runner 2049,attic,15
190,A Few Good Men,attic,15
191,King Lear (1983),attic,15
192,Wall Street,attic,15
193,American Graffiti,attic,PG
194,Tombstone,attic,15
195,Sliding Doors,attic,15
196,The Bidding Room,attic,BLANK
197,Con Air,attic,18
