id,name,location,age_rating
1,Scorpion King,kitchen,12
2,Ordinary Criminal,kitchen,15
3,The Hunt For Red October,kitchen,PG
4,The Mummy,kitchen,12
5,Battleship,kitchen,12
6,Dark Knight Rises,kitchen,12A
7,Clash of the Titans (2010),kitchen,12A
8,Men In Black 2,kitchen,PG
9,Spiderman 3,kitchen,12A
10,Fracture,kitchen,15
11,Secret of My Success,kitchen,PG
12,I Robot,kitchen,12
13,We Were Soldiers,kitchen,15
14,Blame it On The Bell Boy,kitchen,12
15,The Dark Knight,kitchen,12A
16,Life With Mikey,kitchen,PG
17,10 Things I Hate About You,kitchen,12
18,The Three Musketeers (2011),kitchen,12A
19,Clockwise,kitchen,PG
20,Willy Wonka and The Chocolate Factory,kitchen,U
21,Tomorrow Never Dies,kitchen,12
22,The Four Feathers (2002),kitchen,12A
23,The Change Up,kitchen,15
24,Waking Ned,kitchen,12
25,Shane,kitchen,U
26,The Amazing Spiderman,kitchen,12A
27,It’s a Wonderful Life,kitchen,U
28,Man of Steel,kitchen,12A
29,Iron Man 3,kitchen,12A
30,Elysium,kitchen,15
31,The Pianist,kitchen,15
32,The Boy in the Striped Pyjamas,kitchen,12A
33,The Mechanic,kitchen,15
34,True Grit,kitchen,15
35,Anzio,kitchen,15
36,Matt Damon,kitchen,15
37,Ransom,kitchen,15
38,Ender's Game,kitchen,12A
39,Marley and Me,kitchen,PG
40,Mars Attacks,kitchen,15
41,Unknown,kitchen,15
42,Arnold Schwarzeneger,kitchen,15
43,Robin Hood: Prince of Thieves,kitchen,15
44,Sleepers,kitchen,15
45,Just Married,kitchen,12A
46,Evolution,kitchen,15
47,Transformers: Dark Side of the Moon,kitchen,15
48,Sabotage,kitchen,12A
49,Escape Plan,kitchen,15
50,Red 2,kitchen,15
51,Soloman Kane,kitchen,15
52,Vice Versa,kitchen,15
53,"Six Days, Seven Nights",kitchen,12
54,Cloud Atlas,kitchen,PG
55,LA Confidential,kitchen,15
56,Now You See Me,kitchen,18
57,Revolutionary Road,kitchen,15
58,Magic,kitchen,15
59,This is 40,kitchen,15
60,Baby Mama,kitchen,15
61,Solitary Man,kitchen,15
62,Fracture,kitchen,15
63,Percy Jackson: Sea of Monsters,kitchen,15
64,The Lion King,kitchen,PG
65,Thor,kitchen,12A
66,The Bourne Identity,kitchen,12A
67,Wonderlust,kitchen,15
68,Last Vegas,kitchen,15
69,Viki Cristina Bar,kitchen,15
70,Captain America: The First Avenger,kitchen,12A
71,A Good Year,kitchen,12A
72,The Wolf of Wall Street,kitchen,15
73,Noah,kitchen,18
74,See No Evil Hear No Evil,kitchen,12A
75,Morning Glory,kitchen,12
76,Bruce Almighty,kitchen,12A
77,Bullet,kitchen,15
78,The Mask,kitchen,12
79,Divergent,kitchen,15
80,Von Ryan's Express,kitchen,15
81,Wanted,kitchen,15
82,47 Ronin,kitchen,15
83,The Last Days on Mars,kitchen,12A
84,Escape to Athena,kitchen,15
85,The Adjustment Bureau,kitchen,15
86,Source Code,kitchen,12A
87,The Bourne Legacy,kitchen,PG
88,In Time,kitchen,12A
89,The Grey,kitchen,15
90,Moonrise Kingdom,kitchen,12
91,Hercules,kitchen,15
92,Transendence,kitchen,15
93,Shallow Hal,kitchen,12
94,Mummy 3,kitchen,15
95,Yes Man,kitchen,15
96,Clear And Present Danger,kitchen,15
97,Unstoppable,kitchen,15
98,The Rewrite,kitchen,15
99,500 Days of Summer,kitchen,12A
100,Red,kitchen,12A
101,The Incredible Hulk,kitchen,12A
102,The Lone Ranger,kitchen,12A
103,The Terminal,kitchen,PG
104,300: Rise of an Empire,kitchen,15
105,Jason and the Argonauts,kitchen,12A
106,The Lady in the Van,kitchen,15
107,Twigín,kitchen,12A
108,Captain America: The Winter Soldier,kitchen,U
109,Runaway Bride,kitchen,15
110,Captain Philips,kitchen,18
111,The Alamo,kitchen,12A
112,Serendipity,kitchen,15
113,American Hustle,kitchen,15
114,The Sting,kitchen,15
115,Jaws 2,kitchen,12A
116,Wyatt Earp,kitchen,PG
117,Green Berets,kitchen,15
118,Pulp Fiction,kitchen,15
119,The Bridge at Remagen,kitchen,12
120,The Imitation Game,kitchen,15
121,The Recruit,kitchen,12A
122,Eagle Eye,kitchen,15
123,Along Came Polly,kitchen,12A
124,Hunger Games: Mockingjay Part 1,kitchen,15
125,Beautiful Creatures,kitchen,12A
126,Bad Neighbours,kitchen,15
127,Hanna,kitchen,18
128,Maleficent,kitchen,15
129,The Grand Budapest Hotel,kitchen,12A
130,Miss Congeniality,kitchen,15
131,Leap Year,kitchen,15
132,Life As We Know It,kitchen,15
133,22 Jump Street,kitchen,15
134,The Last Airbender,kitchen,12A
135,A Walk Among the Tombstones,kitchen,12A
136,X-Men: Days of Future Past,kitchen,15
137,The Fault in Our Stars,kitchen,15
138,Cliffhanger,kitchen,12A
139,The Wolverine,kitchen,12A
140,A lincoln Vampire,kitchen,PG
141,Room,kitchen,12A
142,Lucy,kitchen,12A
143,Far and Away,kitchen,15
144,Fury,kitchen,15
145,The Way Back,kitchen,18
146,Safe House,kitchen,12
147,Speed 2,kitchen,15
148,Admission,kitchen,12A
149,Book Thief,kitchen,15
150,Reign of Fire,kitchen,U
151,Dawn of the Planet of the Apes,kitchen,12
152,The Monuments Men,kitchen,PG
153,Righteous Kill,kitchen,12A
154,The Italian Job,kitchen,15
155,Payback,kitchen,12A
156,The Devil Wears Prada,kitchen,15
157,The Fugitive,kitchen,15
158,Contagion,kitchen,12A
159,16 Blocks,kitchen,12A
160,The Ladykillers,kitchen,12A
161,13 going on 30,kitchen,PG
162,Blended,kitchen,15
163,Eraser,kitchen,PG
164,The Hunger Games,kitchen,15
165,Never Say Never Again,kitchen,12A
166,21 Jump Street,kitchen,15
167,Goldfinger,kitchen,15
168,Goodfellas,kitchen,15
169,Jack Ryan: Shadow Recruit,kitchen,15
170,Run All Night,kitchen,12A
171,Fifty Shades of Grey,kitchen,U
172,K-9,kitchen,PG
173,Around the World in 80 Days,kitchen,12A
174,The Theory of Everything,kitchen,12A
175,Exodus: Gods and Kings,kitchen,15
176,Mad Max: Fury Road,kitchen,15
177,Mission Impossible: Rogue Nation,kitchen,15
178,Executive Decision,kitchen,PG
179,Total Recall,kitchen,15
180,The World is Not Enough,kitchen,12A
181,Kingsman,kitchen,PG
182,Lego,kitchen,PG
183,Romancing the Stone,kitchen,15
184,Jewel of the Nile,kitchen,15
185,Demolition Man,kitchen,15
186,Singing in the Rain,kitchen,15
187,Big Hero 6,kitchen,15
188,Brooklyn,kitchen,15
189,Terminator: Genesis,kitchen,12A
190,Look Who's Talking,kitchen,12A
191,Avengers Ultron,kitchen,15
192,Into The Woods,kitchen,12A
193,Daddy's Home,kitchen,15
194,Khartoum,kitchen,18
195,Hunger Games: Mockingjay Part 2,kitchen,12A
196,Safe House,kitchen,15
197,Sherlock Homes: Game of Shadows,kitchen,15
198,Sleepless in Seatle,kitchen,12A
199,Jack the Giant Slayer,kitchen,15
200,Gone with the Wind,kitchen,12
201,Watermelon,kitchen,12A
202,Super 8,kitchen,15
203,The Mummy Returns,kitchen,15
204,Seeker Dark is Risen,kitchen,12A
205,Firewall,kitchen,PG
206,The Martian,kitchen,U
207,Van Helsing,kitchen,15
208,The Legend of Hercules,kitchen,15
209,Mission Impossible: Rogue Nation,kitchen,18
210,Star Wars: Attack of the Clones,kitchen,15
211,Outbreak,kitchen,15
212,Presumed Innocent,kitchen,15
213,True Lies,kitchen,15
214,Enough,kitchen,15
215,Chain Reaction,kitchen,15
216,Pale Rider,kitchen,U
217,Kindergarden Cop,kitchen,15
218,Bridge of Spies,kitchen,15
219,Star Wars: The Phantom Menace,kitchen,15
220,The Martian,kitchen,15
221,Allied,kitchen,12A
222,Edge of Tomorrow,kitchen,15
223,Fast & Furious,kitchen,12A
224,Non-Stop,kitchen,15
225,The Jungle Book (2016),kitchen,15
226,Cinderella,kitchen,15
227,Emma,kitchen,15
228,Babalyn_AD,kitchen,15
229,Cruel Intentions,kitchen,15
230,Rise of Guardians,kitchen,15
231,The Proposal,kitchen,12A
232,Armageddon,kitchen,15
233,The Rock,kitchen,15
234,Enemy of the State,kitchen,12A
235,X-Men: Apocalypse,kitchen,15
236,Independence Day 2,kitchen,12A
237,Ali,kitchen,15
238,Mercuy Rising,kitchen,15
239,Interstellar,kitchen,15
240,Lighthouse,kitchen,12A
241,Me Before You,kitchen,15
242,Huntsman: Winter's Tale,kitchen,15
243,Eddie The Eagle,kitchen,15
244,Jason Bourne,kitchen,12A
245,Maze Runner: The Scorch Trials,kitchen,15
246,Thomas Crown,kitchen,12A
247,Starship Troopers,kitchen,12A
248,The Departed,kitchen,15
249,The Man  Who Would Be King,kitchen,15
250,Big Game,kitchen,15
251,Captain America: Civil War,kitchen,15
252,Eye In The Sky,kitchen,15
253,Railway,kitchen,15
254,The Day the Earth Stood Still,kitchen,15
255,Hamburger Hill,kitchen,15
256,Hellboy,kitchen,15
257,The Last Stand,kitchen,15
258,Untouchables,kitchen,15
259,LA Confidential,kitchen,15
260,Legion,kitchen,15
261,It Could Happen 2,kitchen,12A
262,Alien Covenant,kitchen,12A
263,Huntsman: Winter's Tale,kitchen,15
264,High Plains Drifter,kitchen,12A
265,Dances With Wolves,kitchen,15
266,"Seven Worlds, One Planet",kitchen,15
267,Snow Piercer,kitchen,15
268,Face/Off,kitchen,15
269,Jack Reacher,kitchen,15
270,Enemy at the Gates,kitchen,12A
271,The Client,kitchen,15
272,Kingsman 2,kitchen,12A
273,The Guardian,kitchen,15
274,The Unknown Girl,kitchen,15
275,Star Wars: The Last Jedi,kitchen,12A
276,Guardians of the Galaxy 2,kitchen,12A
277,Land of Mine,kitchen,15
278,The Scarlet and the Black (1983),kitchen,PG
279,Hell or High Water,kitchen,15
280,Chaplin,kitchen,PG
281,Full Monty,kitchen,15
282,Parasite,kitchen,15
283,Angel Has Fallen,kitchen,15
284,The Riddle of the Sands,kitchen,PG
285,Invisible Man,kitchen,15
286,Alita: Battle Angel,kitchen,12A
