idNumber,name,location,age_rating
1,Eragon,lounge,PG
2,Up in the air,lounge,15
3,My Cousin Vinny,lounge,15
4,The Invention of Lying,lounge,12
5,Weekend at Bernies,lounge,12
6,The Gruffalo,lounge,U
7,The Gruffalo's Child,lounge,U
8,Turner and Hooch,lounge,PG
9,Constantine,lounge,15
10,Inglourious Basterds,lounge,18
11,2012/Top Gun,lounge,12
12,Bedtime Stories,lounge,PG
13,Dragonheart,lounge,PG
14,The Wizard of Oz,lounge,U
15,Avatar,lounge,12A
16,Leap Year,lounge,PG
17,Glory,lounge,15
18,Clueless,lounge,12A
19,Cheaper by the Dozen,lounge,PG
20,Paul Blart: Mall Cop,lounge,PG
21,Gladiator,lounge,15
22,One Fine Day,lounge,PG
23,The Guns of Naverone,lounge,PG
24,The Princess Bride,lounge,PG
25,300,lounge,15
26,Wall Street - Money Never Sleeps,lounge,12
27,Michael Collins,lounge,15
28,The Breakfast Club,lounge,15
29,Notting Hill,lounge,15
30,Housesitter,lounge,PG
31,Yes man,lounge,12
32,Battle of Los Angeles,lounge,12
33,The Money Pit,lounge,12
34,Hancock,lounge,12
35,Unbreakable,lounge,12
36,"10,000 BC",lounge,12
37,Innerspace,lounge,PG
38,Conan The Barbarian,lounge,15
39,Terminator Salvation,lounge,12
40,Star Wars: Episode II - Attack of the Clones,lounge,PG
41,The Eagle,lounge,12
42,Hope and Glory,lounge,15
43,Conspiracy Theory,lounge,15
44,A Knight's Tale,lounge,PG
45,Splash,lounge,PG
46,Dirty Rotten Scoundrels,lounge,PG
47,The Bounty Hunter,lounge,12
48,Big,lounge,12A
49,Battle of Britain,lounge,PG
50,Catch Me if You Can,lounge,12
51,The Hangover,lounge,15
52,Memphis Belle,lounge,12
53,The Battle of the Bulge,lounge,U
54,The Girl with the Dragon Tattoo,lounge,18
55,Horrible Bosses,lounge,15
56,Planet of the Apes (1968),lounge,PG
57,Tower Heist,lounge,12A
58,The New World,lounge,12A
59,Short Circuit,lounge,PG
60,One Day,lounge,12A
61,The Hangover Part II,lounge,15
62,Seven Pounds,lounge,12A
63,The Artist,lounge,PG
64,About Last Night,lounge,15
65,Apocalypto,lounge,18
66,Ted,lounge,15
67,Immortals,lounge,15
68,Killers,lounge,12A
69,Ocean's Twelve,lounge,12A
70,The Alamo,lounge,12A
71,Saving Private Ryan,lounge,15
72,Das Boot,lounge,15
73,"Planes, Trains and Automobiles",lounge,15
74,Skyfall,lounge,12A
75,Iron Man,lounge,12A
76,Iron Man 2,lounge,12A
77,Independence Day,lounge,12
78,Django Unchained,lounge,18
79,Forrest Gump,lounge,12
80,Troy,lounge,15
81,Apocalypse Now,lounge,18
82,The Count of Monte Cristo,lounge,12A
83,The Meaning of Life,lounge,15
84,Heartbreakers,lounge,12A
85,Dredd,lounge,18
86,Blue Streak,lounge,12
87,The Blind Side,lounge,12A
88,Basic,lounge,15
89,Age of Heroes,lounge,15
90,Jaws,lounge,12
91,Flatliners,lounge,15
92,13th Warrior,lounge,15
93,Mission Impossible 2,lounge,12
94,The Host,lounge,15
95,Hansel & Gretel: Witch Hunters,lounge,15
96,Extremely Loud & Incredibly Close,lounge,12A
97,Oblivion,lounge,12A
98,Men In Black,lounge,PG
99,A Perfect Murder,lounge,15
100,Star Trek,lounge,12A
101,Once,lounge,15
102,World War Z,lounge,15
103,Friday the 13th,lounge,18
104,Ghost,lounge,12
105,Standby ,lounge,15
106,The Hobbit: Desolation of Smaug,lounge,12A
107,The Fifth Element,lounge,12
108,Red Riding Hood,lounge,12A
109,Pompeii,lounge,12A
110,Goldeneye,lounge,12
111,The Lone Ranger,lounge,12A
112,The Amazing Spider-Man 2,lounge,12A
113,Goodfellas,lounge,18
114,District 9,lounge,15
115,Robin Hood,lounge,12A
116,Riddick,lounge,15
117,Patriot Games,lounge,15
118,7 Years in Tibet,lounge,PG
119,Spectre,lounge,12A
120,Mary Poppins,lounge,U
121,Empire of the Sun,lounge,PG
122,The Lincoln Lawyer,lounge,15
123,12 Years a Slave,lounge,15
124,Captain Corelli's Mandolin,lounge,15
125,Lethal Weapon,lounge,18
126,My Name is Emily,lounge,12A
127,The Outlaw Josey Wales,lounge,15
128,Air Force One,lounge,15
129,Righteous Kill,lounge,15
130,La La Land,lounge,12A
131,American Sniper,lounge,15
132,The Equalizer,lounge,15
133,Poseiden,lounge,12A
134,King Kong,lounge,12A
135,Unforgiven,lounge,15
136,Sing Street,lounge,12A
137,Deepwater Horizon,lounge,12A
138,Friends with Benefits,lounge,15
139,Flightplan,lounge,12A
140,Deadpool,lounge,15
141,Total Recall,lounge,18
142,Jack Ryan: Shadow Recruit,lounge,12A
143,The Last of the Mohicans,lounge,15
144,In the Line of Fire,lounge,12
145,SWAT,lounge,12A
146,Drive,lounge,18
147,Gone in Sixty Seconds,lounge,12
148,Stake Out,lounge,15
149,Doctor Strange,lounge,12A
150,Heartbreak Ridge,lounge,15
151,Pulp Fiction,lounge,18
152,War For The Planet Of The Apes,lounge,12
153,Passengers,lounge,12A
154,Mission to Mars,lounge,PG
155,Signs,lounge,12A
156,3:10 to Yuma,lounge,15
157,Hidden Figures,lounge,PG
158,Stand By Me,lounge,15
159,Windtalkers,lounge,15
160,Poltergeist,lounge,15
161,Hacksaw Ridge,lounge,15
162,Enigma,lounge,15
163,The Patriot,lounge,15
164,The Two Faces of January,lounge,12A
165,Man Up,lounge,15
166,Highlander,lounge,15
167,"Three Billboards Outside Ebbing, Missouri",lounge,15
168,The Witness,lounge,15
169,Heist,lounge,15
170,The Nice Guys,lounge,15
171,First Blood,lounge,15
172,Buried,lounge,15
173,The Commitments,lounge,15
174,Rambo III,lounge,18
175,Prometheus,lounge,15
176,The Mission (1986),lounge,12
177,The Hurricane,lounge,15
